survey,variable_pct,fixed_period_pct,fixed_full_pct,note
2008年度第1回,26.5,47.5,25.9,次回の概要に載った前回値
2008年度第2回,35.3,47.4,17.3,
2009年度第1回,42.9,35.0,22.1,次回の概要に載った前回値
2009年度第2回,50.5,30.7,18.8,
2009年度第3回,51.8,32.7,15.5,
2010年度第1回,45.6,32.8,21.6,
2010年度第2回,47.3,28.9,23.8,
2010年度第3回,45.8,29.6,24.6,固定期間選択型は100から他の2つを引いた値
2011年度第1回,51.0,26.3,22.7,固定期間選択型は100から他の2つを引いた値
2011年度第2回,52.7,27.6,19.7,固定期間選択型は100から他の2つを引いた値
2011年度第3回,51.4,27.3,21.3,固定期間選択型は100から他の2つを引いた値
2012年度第1回,54.6,22.2,23.2,次回の概要に載った前回値
2012年度第2回,53.6,24.4,21.9,
2012年度第3回,51.0,26.0,23.1,
2013年度第1回,43.5,31.1,25.4,
2013年度第2回,41.3,33.4,25.3,
2013年度第3回,37.1,31.2,31.7,
2014年度第1回,39.3,31.4,29.4,
2014年度第2回,43.9,29.4,26.7,
2014年度第3回,41.7,31.3,27.1,
2015年度第1回,35.8,26.3,38.0,
2015年度第2回,43.2,26.9,29.8,
2015年度第3回,38.7,25.3,36.0,
2016年度第1回,49.2,36.9,13.9,調査会社の変更で回答者の属性が変わった(前回までと不連続)
2016年度第2回,47.9,35.1,17.0,
2017年度第1回,50.4,36.9,12.6,
2017年度第2回,56.5,30.1,13.3,
2018年度第1回,57.0,25.3,17.7,
2018年度第2回,60.3,25.1,14.6,
2019年度第1回,59.0,26.7,14.3,
2020年5月調査,60.2,26.6,13.2,
2020年11月調査,62.9,24.5,12.6,
2021年4月調査,68.1,20.7,11.2,
2021年10月調査,67.4,21.7,10.9,
2022年4月調査,73.9,17.3,8.9,
2022年10月調査,69.9,20.1,10.0,
2023年4月調査,72.3,18.3,9.3,
2023年10月調査,74.5,18.3,7.2,
2024年4月調査,76.9,15.1,8.0,
2024年10月調査,77.4,13.5,9.0,
2025年4月調査,79.0,12.2,8.8,
2026年1月調査,75.0,14.9,10.1,
