year,wood,src,rc,steel
1959,8.7,34.1,20.2,13.7
1960,9.1,30.9,21.4,13.4
1961,10.3,39.5,23.9,14.9
1962,12.2,40.9,27.2,15.9
1963,13.5,41.3,27.1,14.6
1964,15.1,49.1,29.5,16.6
1965,16.8,45.0,30.3,17.9
1966,18.2,42.4,30.6,17.8
1967,19.9,43.6,33.7,19.6
1968,22.2,48.6,36.2,21.7
1969,24.9,50.9,39.0,23.6
1970,28.0,54.3,42.9,26.1
1971,31.2,61.2,47.2,30.3
1972,34.2,61.6,50.2,32.4
1973,45.3,77.6,64.3,42.2
1974,61.8,113.0,90.1,55.7
1975,67.7,126.4,97.4,60.5
1976,70.3,114.6,98.2,62.1
1977,74.1,121.8,102.0,65.3
1978,77.9,122.4,105.9,70.1
1979,82.5,128.9,114.3,75.4
1980,92.5,149.4,129.7,84.1
1981,98.3,161.8,138.7,91.7
1982,101.3,170.9,143.0,93.9
1983,102.2,168.0,143.8,94.3
1984,102.8,161.2,141.7,95.3
1985,104.2,172.2,144.5,96.9
1986,106.2,181.9,149.5,102.6
1987,110.0,191.8,156.6,108.4
1988,116.5,203.6,175.0,117.3
1989,123.1,237.3,193.3,128.4
1990,131.7,286.7,222.9,147.4
1991,137.6,329.8,246.8,158.7
1992,143.5,333.7,245.6,162.4
1993,150.9,300.3,227.5,159.2
1994,156.6,262.9,212.8,148.4
1995,158.3,228.8,199.0,143.2
1996,161.0,229.7,198.0,143.6
1997,160.5,223.0,201.0,141.0
1998,158.6,225.6,203.8,138.7
1999,159.3,220.9,197.9,139.4
2000,159.0,204.3,182.6,132.3
2001,157.2,186.1,177.8,136.4
2002,153.6,195.2,180.5,135.0
2003,152.7,187.3,179.5,131.4
2004,152.1,190.1,176.1,130.6
2005,151.9,185.7,171.5,132.8
2006,152.9,170.5,178.6,133.7
2007,153.6,182.5,185.8,135.6
2008,156.0,229.1,206.1,158.3
2009,156.6,265.2,219.0,169.5
2010,156.5,226.4,205.9,163.0
2011,156.8,238.4,197.0,158.9
2012,157.6,223.3,193.9,155.6
2013,159.9,258.5,203.8,164.3
2014,163.0,276.2,228.0,176.4
2015,165.4,262.2,240.2,197.3
2016,165.9,308.3,254.2,204.1
2017,166.7,350.4,265.5,214.6
2018,168.5,304.2,263.1,214.1
2019,170.1,363.3,285.6,228.8
2020,172.0,279.2,276.9,230.2
2021,172.2,338.4,288.2,227.3
2022,176.2,434.4,277.5,241.5
2023,204.1,366.7,314.3,281.1
